timestamp,temperature_C,humidity_pct
2024-01-01 0:00,22,55
2024-01-01 0:01,22.00873268,54.99995234
2024-01-01 0:02,22.0174652,54.99980935
2024-01-01 0:03,22.02619738,54.99957104
2024-01-01 0:04,22.03492907,54.99923742
2024-01-01 0:05,22.04366008,54.99880848
2024-01-01 0:06,22.05239027,54.99828424
2024-01-01 0:07,22.06111946,54.99766471
2024-01-01 0:08,22.06984748,54.9969499
2024-01-01 0:09,22.07857417,54.99613982
2024-01-01 0:10,22.08729936,54.99523449
2024-01-01 0:11,22.09602289,54.99423393
2024-01-01 0:12,22.10474459,54.99313815
2024-01-01 0:13,22.11346429,54.99194718
2024-01-01 0:14,22.12218182,54.99066103
2024-01-01 0:15,22.13089703,54.98927974
2024-01-01 0:16,22.13960974,54.98780332
2024-01-01 0:17,22.14831979,54.98623182
2024-01-01 0:18,22.15702701,54.98456525
2024-01-01 0:19,22.16573124,54.98280365
2024-01-01 0:20,22.17443231,54.98094705
2024-01-01 0:21,22.18313005,54.9789955
2024-01-01 0:22,22.19182431,54.97694901
2024-01-01 0:23,22.2005149,54.97480764
2024-01-01 0:24,22.20920167,54.97257143
2024-01-01 0:25,22.21788446,54.97024041
2024-01-01 0:26,22.22656309,54.96781464
2024-01-01 0:27,22.2352374,54.96529415
2024-01-01 0:28,22.24390722,54.96267901
2024-01-01 0:29,22.2525724,54.95996924
2024-01-01 0:30,22.26123276,54.95716492
2024-01-01 0:31,22.26988814,54.95426609
2024-01-01 0:32,22.27853837,54.9512728
2024-01-01 0:33,22.2871833,54.94818512
2024-01-01 0:34,22.29582274,54.9450031
2024-01-01 0:35,22.30445655,54.9417268
2024-01-01 0:36,22.31308456,54.93835629
2024-01-01 0:37,22.32170659,54.93489163
2024-01-01 0:38,22.3303225,54.93133289
2024-01-01 0:39,22.3389321,54.92768013
2024-01-01 0:40,22.34753524,54.92393342
2024-01-01 0:41,22.35613176,54.92009284
2024-01-01 0:42,22.36472149,54.91615846
2024-01-01 0:43,22.37330426,54.91213035
2024-01-01 0:44,22.38187992,54.90800859
2024-01-01 0:45,22.39044829,54.90379326
2024-01-01 0:46,22.39900923,54.89948444
2024-01-01 0:47,22.40756255,54.8950822
2024-01-01 0:48,22.41610811,54.89058665
2024-01-01 0:49,22.42464573,54.88599785
2024-01-01 0:50,22.43317525,54.88131591
2024-01-01 0:51,22.44169652,54.8765409
2024-01-01 0:52,22.45020937,54.87167292
2024-01-01 0:53,22.45871363,54.86671206
2024-01-01 0:54,22.46720915,54.86165842
2024-01-01 0:55,22.47569576,54.85651209
2024-01-01 0:56,22.4841733,54.85127317
2024-01-01 0:57,22.49264161,54.84594176
2024-01-01 0:58,22.50110053,54.84051796
2024-01-01 0:59,22.5095499,54.83500188
2024-01-01 1:00,22.51798955,54.82939361
2024-01-01 1:01,22.52641932,54.82369328
2024-01-01 1:02,22.53483906,54.81790098
2024-01-01 1:03,22.5432486,54.81201683
2024-01-01 1:04,22.55164779,54.80604094
2024-01-01 1:05,22.56003645,54.79997342
2024-01-01 1:06,22.56841444,54.79381439
2024-01-01 1:07,22.5767816,54.78756396
2024-01-01 1:08,22.58513776,54.78122226
2024-01-01 1:09,22.59348276,54.7747894
2024-01-01 1:10,22.60181644,54.76826552
2024-01-01 1:11,22.61013866,54.76165072
2024-01-01 1:12,22.61844924,54.75494515
2024-01-01 1:13,22.62674803,54.74814892
2024-01-01 1:14,22.63503487,54.74126217
2024-01-01 1:15,22.6433096,54.73428503
2024-01-01 1:16,22.65157207,54.72721762
2024-01-01 1:17,22.65982212,54.72006009
2024-01-01 1:18,22.66805959,54.71281258
2024-01-01 1:19,22.67628432,54.70547521
2024-01-01 1:20,22.68449616,54.69804814
2024-01-01 1:21,22.69269495,54.69053149
2024-01-01 1:22,22.70088053,54.68292542
2024-01-01 1:23,22.70905275,54.67523007
2024-01-01 1:24,22.71721145,54.66744559
2024-01-01 1:25,22.72535648,54.65957212
2024-01-01 1:26,22.73348768,54.65160982
2024-01-01 1:27,22.74160489,54.64355884
2024-01-01 1:28,22.74970797,54.63541932
2024-01-01 1:29,22.75779675,54.62719143
2024-01-01 1:30,22.76587108,54.61887532
2024-01-01 1:31,22.77393082,54.61047116
2024-01-01 1:32,22.7819758,54.60197909
2024-01-01 1:33,22.79000587,54.59339929
2024-01-01 1:34,22.79802088,54.58473192
2024-01-01 1:35,22.80602067,54.57597713
2024-01-01 1:36,22.8140051,54.56713511
2024-01-01 1:37,22.82197401,54.55820601
2024-01-01 1:38,22.82992725,54.54919001
2024-01-01 1:39,22.83786466,54.54008728
2024-01-01 1:40,22.8457861,54.530898
2024-01-01 1:41,22.85369142,54.52162233
2024-01-01 1:42,22.86158046,54.51226046
2024-01-01 1:43,22.86945308,54.50281256
2024-01-01 1:44,22.87730912,54.49327881
2024-01-01 1:45,22.88514843,54.4836594
2024-01-01 1:46,22.89297087,54.47395451
2024-01-01 1:47,22.90077628,54.46416432
2024-01-01 1:48,22.90856452,54.45428903
2024-01-01 1:49,22.91633544,54.44432881
2024-01-01 1:50,22.92408888,54.43428386
2024-01-01 1:51,22.93182471,54.42415437
2024-01-01 1:52,22.93954278,54.41394053
2024-01-01 1:53,22.94724293,54.40364255
2024-01-01 1:54,22.95492502,54.3932606
2024-01-01 1:55,22.96258891,54.3827949
2024-01-01 1:56,22.97023445,54.37224564
2024-01-01 1:57,22.97786149,54.36161303
2024-01-01 1:58,22.98546988,54.35089726
2024-01-01 1:59,22.99305949,54.34009854
2024-01-01 2:00,23.00063016,54.32921707
2024-01-01 2:01,23.00818176,54.31825307
2024-01-01 2:02,23.01571414,54.30720675
2024-01-01 2:03,23.02322715,54.2960783
2024-01-01 2:04,23.03072065,54.28486795
2024-01-01 2:05,23.03819451,54.27357591
2024-01-01 2:06,23.04564857,54.26220239
2024-01-01 2:07,23.05308269,54.25074762
2024-01-01 2:08,23.06049674,54.2392118
2024-01-01 2:09,23.06789057,54.22759516
2024-01-01 2:10,23.07526404,54.21589792
2024-01-01 2:11,23.08261701,54.20412031
2024-01-01 2:12,23.08994934,54.19226255
2024-01-01 2:13,23.09726089,54.18032486
2024-01-01 2:14,23.10455152,54.16830747
2024-01-01 2:15,23.11182109,54.15621061
2024-01-01 2:16,23.11906947,54.14403452
2024-01-01 2:17,23.12629651,54.13177941
2024-01-01 2:18,23.13350207,54.11944554
2024-01-01 2:19,23.14068603,54.10703313
2024-01-01 2:20,23.14784824,54.09454242
2024-01-01 2:21,23.15498857,54.08197364
2024-01-01 2:22,23.16210687,54.06932704
2024-01-01 2:23,23.16920302,54.05660287
2024-01-01 2:24,23.17627688,54.04380135
2024-01-01 2:25,23.18332832,54.03092273
2024-01-01 2:26,23.19035719,54.01796727
2024-01-01 2:27,23.19736337,54.0049352
2024-01-01 2:28,23.20434672,53.99182678
2024-01-01 2:29,23.21130711,53.97864226
2024-01-01 2:30,23.21824441,53.96538188
2024-01-01 2:31,23.22515848,53.9520459
2024-01-01 2:32,23.2320492,53.93863458
2024-01-01 2:33,23.23891642,53.92514817
2024-01-01 2:34,23.24576003,53.91158692
2024-01-01 2:35,23.25257988,53.8979511
2024-01-01 2:36,23.25937586,53.88424096
2024-01-01 2:37,23.26614782,53.87045677
2024-01-01 2:38,23.27289564,53.85659879
2024-01-01 2:39,23.2796192,53.84266729
2024-01-01 2:40,23.28631836,53.82866252
2024-01-01 2:41,23.292993,53.81458476
2024-01-01 2:42,23.29964299,53.80043428
2024-01-01 2:43,23.30626819,53.78621134
2024-01-01 2:44,23.3128685,53.77191621
2024-01-01 2:45,23.31944377,53.75754918
2024-01-01 2:46,23.32599389,53.7431105
2024-01-01 2:47,23.33251873,53.72860046
2024-01-01 2:48,23.33901817,53.71401934
2024-01-01 2:49,23.34549207,53.69936741
2024-01-01 2:50,23.35194033,53.68464495
2024-01-01 2:51,23.35836281,53.66985225
2024-01-01 2:52,23.36475939,53.65498957
2024-01-01 2:53,23.37112995,53.64005722
2024-01-01 2:54,23.37747438,53.62505547
2024-01-01 2:55,23.38379254,53.6099846
2024-01-01 2:56,23.39008432,53.59484491
2024-01-01 2:57,23.39634959,53.57963669
2024-01-01 2:58,23.40258825,53.56436022
2024-01-01 2:59,23.40880017,53.54901579
2024-01-01 3:00,23.41498522,53.5336037
2024-01-01 3:01,23.4211433,53.51812425
2024-01-01 3:02,23.42727429,53.50257772
2024-01-01 3:03,23.43337806,53.48696441
2024-01-01 3:04,23.43945451,53.47128463
2024-01-01 3:05,23.44550351,53.45553867
2024-01-01 3:06,23.45152496,53.43972682
2024-01-01 3:07,23.45751873,53.4238494
2024-01-01 3:08,23.46348471,53.4079067
2024-01-01 3:09,23.4694228,53.39189903
2024-01-01 3:10,23.47533287,53.37582669
2024-01-01 3:11,23.48121481,53.35968999
2024-01-01 3:12,23.48706851,53.34348924
2024-01-01 3:13,23.49289386,53.32722475
2024-01-01 3:14,23.49869075,53.31089682
2024-01-01 3:15,23.50445906,53.29450577
2024-01-01 3:16,23.5101987,53.27805191
2024-01-01 3:17,23.51590954,53.26153555
2024-01-01 3:18,23.52159148,53.24495702
2024-01-01 3:19,23.52724441,53.22831661
2024-01-01 3:20,23.53286823,53.21161466
2024-01-01 3:21,23.53846282,53.19485148
2024-01-01 3:22,23.54402808,53.17802739
2024-01-01 3:23,23.5495639,53.16114272
2024-01-01 3:24,23.55507018,53.14419777
2024-01-01 3:25,23.56054681,53.12719288
2024-01-01 3:26,23.56599369,53.11012837
2024-01-01 3:27,23.57141072,53.09300456
2024-01-01 3:28,23.57679778,53.07582179
2024-01-01 3:29,23.58215479,53.05858038
2024-01-01 3:30,23.58748163,53.04128065
2024-01-01 3:31,23.5927782,53.02392294
2024-01-01 3:32,23.59804441,53.00650758
2024-01-01 3:33,23.60328016,52.9890349
2024-01-01 3:34,23.60848533,52.97150524
2024-01-01 3:35,23.61365984,52.95391892
2024-01-01 3:36,23.61880359,52.93627629
2024-01-01 3:37,23.62391647,52.91857768
2024-01-01 3:38,23.62899839,52.90082342
2024-01-01 3:39,23.63404926,52.88301386
2024-01-01 3:40,23.63906897,52.86514934
2024-01-01 3:41,23.64405743,52.84723019
2024-01-01 3:42,23.64901455,52.82925676
2024-01-01 3:43,23.65394023,52.81122938
2024-01-01 3:44,23.65883438,52.79314842
2024-01-01 3:45,23.66369691,52.7750142
2024-01-01 3:46,23.66852771,52.75682707
2024-01-01 3:47,23.6733267,52.73858739
2024-01-01 3:48,23.6780938,52.72029549
2024-01-01 3:49,23.6828289,52.70195174
2024-01-01 3:50,23.68753191,52.68355647
2024-01-01 3:51,23.69220275,52.66511003
2024-01-01 3:52,23.69684134,52.64661279
2024-01-01 3:53,23.70144757,52.62806509
2024-01-01 3:54,23.70602136,52.60946729
2024-01-01 3:55,23.71056263,52.59081973
2024-01-01 3:56,23.71507128,52.57212278
2024-01-01 3:57,23.71954724,52.5533768
2024-01-01 3:58,23.72399041,52.53458213
2024-01-01 3:59,23.72840072,52.51573914
2024-01-01 4:00,23.73277807,52.49684819
2024-01-01 4:01,23.73712239,52.47790964
2024-01-01 4:02,23.74143359,52.45892385
2024-01-01 4:03,23.74571159,52.43989117
2024-01-01 4:04,23.74995631,52.42081198
2024-01-01 4:05,23.75416767,52.40168664
2024-01-01 4:06,23.75834558,52.38251551
2024-01-01 4:07,23.76248997,52.36329895
2024-01-01 4:08,23.76660076,52.34403734
2024-01-01 4:09,23.77067786,52.32473104
2024-01-01 4:10,23.77472121,52.30538042
2024-01-01 4:11,23.77873073,52.28598585
2024-01-01 4:12,23.78270633,52.26654769
2024-01-01 4:13,23.78664794,52.24706632
2024-01-01 4:14,23.79055549,52.22754212
2024-01-01 4:15,23.79442891,52.20797544
2024-01-01 4:16,23.79826811,52.18836667
2024-01-01 4:17,23.80207303,52.16871618
2024-01-01 4:18,23.8058436,52.14902434
2024-01-01 4:19,23.80957973,52.12929153
2024-01-01 4:20,23.81328137,52.10951812
2024-01-01 4:21,23.81694844,52.0897045
2024-01-01 4:22,23.82058086,52.06985104
2024-01-01 4:23,23.82417858,52.04995811
2024-01-01 4:24,23.82774151,52.03002611
2024-01-01 4:25,23.83126961,52.0100554
2024-01-01 4:26,23.83476278,51.99004636
2024-01-01 4:27,23.83822098,51.96999939
2024-01-01 4:28,23.84164414,51.94991486
2024-01-01 4:29,23.84503218,51.92979316
2024-01-01 4:30,23.84838505,51.90963466
2024-01-01 4:31,23.85170267,51.88943975
2024-01-01 4:32,23.854985,51.86920883
2024-01-01 4:33,23.85823196,51.84894227
2024-01-01 4:34,23.86144349,51.82864045
2024-01-01 4:35,23.86461953,51.80830378
2024-01-01 4:36,23.86776002,51.78793262
2024-01-01 4:37,23.87086491,51.76752739
2024-01-01 4:38,23.87393413,51.74708845
2024-01-01 4:39,23.87696762,51.7266162
2024-01-01 4:40,23.87996532,51.70611104
2024-01-01 4:41,23.88292719,51.68557335
2024-01-01 4:42,23.88585315,51.66500353
2024-01-01 4:43,23.88874317,51.64440196
2024-01-01 4:44,23.89159717,51.62376904
2024-01-01 4:45,23.89441511,51.60310516
2024-01-01 4:46,23.89719693,51.58241072
2024-01-01 4:47,23.89994259,51.56168611
2024-01-01 4:48,23.90265202,51.54093173
2024-01-01 4:49,23.90532518,51.52014797
2024-01-01 4:50,23.90796201,51.49933523
2024-01-01 4:51,23.91056246,51.4784939
2024-01-01 4:52,23.91312649,51.45762439
2024-01-01 4:53,23.91565405,51.43672709
2024-01-01 4:54,23.91814509,51.41580239
2024-01-01 4:55,23.92059955,51.39485071
2024-01-01 4:56,23.9230174,51.37387243
2024-01-01 4:57,23.92539859,51.35286795
2024-01-01 4:58,23.92774307,51.33183769
2024-01-01 4:59,23.9300508,51.31078203
2024-01-01 5:00,23.93232173,51.28970138
2024-01-01 5:01,23.93455582,51.26859615
2024-01-01 5:02,23.93675303,51.24746673
2024-01-01 5:03,23.93891331,51.22631352
2024-01-01 5:04,23.94103663,51.20513694
2024-01-01 5:05,23.94312294,51.18393738
2024-01-01 5:06,23.94517221,51.16271525
2024-01-01 5:07,23.94718439,51.14147095
2024-01-01 5:08,23.94915945,51.12020489
2024-01-01 5:09,23.95109735,51.09891747
2024-01-01 5:10,23.95299805,51.0776091
2024-01-01 5:11,23.95486152,51.05628019
2024-01-01 5:12,23.95668771,51.03493114
2024-01-01 5:13,23.95847661,51.01356236
2024-01-01 5:14,23.96022816,50.99217425
2024-01-01 5:15,23.96194234,50.97076723
2024-01-01 5:16,23.96361912,50.9493417
2024-01-01 5:17,23.96525846,50.92789807
2024-01-01 5:18,23.96686034,50.90643675
2024-01-01 5:19,23.96842471,50.88495815
2024-01-01 5:20,23.96995156,50.86346268
2024-01-01 5:21,23.97144085,50.84195075
2024-01-01 5:22,23.97289256,50.82042276
2024-01-01 5:23,23.97430665,50.79887913
2024-01-01 5:24,23.9756831,50.77732028
2024-01-01 5:25,23.97702188,50.7557466
2024-01-01 5:26,23.97832298,50.73415851
2024-01-01 5:27,23.97958635,50.71255643
2024-01-01 5:28,23.98081199,50.69094076
2024-01-01 5:29,23.98199986,50.66931192
2024-01-01 5:30,23.98314995,50.64767032
2024-01-01 5:31,23.98426222,50.62601637
2024-01-01 5:32,23.98533667,50.60435049
2024-01-01 5:33,23.98637326,50.58267308
2024-01-01 5:34,23.98737199,50.56098457
2024-01-01 5:35,23.98833282,50.53928536
2024-01-01 5:36,23.98925575,50.51757587
2024-01-01 5:37,23.99014075,50.49585651
2024-01-01 5:38,23.99098781,50.4741277
2024-01-01 5:39,23.99179691,50.45238985
2024-01-01 5:40,23.99256804,50.43064337
2024-01-01 5:41,23.99330118,50.40888869
2024-01-01 5:42,23.99399632,50.38712621
2024-01-01 5:43,23.99465344,50.36535634
2024-01-01 5:44,23.99527254,50.34357952
2024-01-01 5:45,23.99585359,50.32179614
2024-01-01 5:46,23.99639659,50.30000662
2024-01-01 5:47,23.99690154,50.27821139
2024-01-01 5:48,23.99736841,50.25641085
2024-01-01 5:49,23.9977972,50.23460543
2024-01-01 5:50,23.9981879,50.21279553
2024-01-01 5:51,23.99854051,50.19098158
2024-01-01 5:52,23.99885501,50.16916398
2024-01-01 5:53,23.99913141,50.14734316
2024-01-01 5:54,23.99936969,50.12551953
2024-01-01 5:55,23.99956986,50.1036935
2024-01-01 5:56,23.9997319,50.0818655
2024-01-01 5:57,23.99985582,50.06003594
2024-01-01 5:58,23.99994161,50.03820524
2024-01-01 5:59,23.99998928,50.0163738
2024-01-01 6:00,23.99999881,49.99454206
2024-01-01 6:01,23.99997021,49.97271041
2024-01-01 6:02,23.99990348,49.95087929
2024-01-01 6:03,23.99979863,49.92904911
2024-01-01 6:04,23.99965565,49.90722027
2024-01-01 6:05,23.99947454,49.88539321
2024-01-01 6:06,23.99925532,49.86356833
2024-01-01 6:07,23.99899798,49.84174605
2024-01-01 6:08,23.99870252,49.81992679
2024-01-01 6:09,23.99836897,49.79811097
2024-01-01 6:10,23.99799731,49.77629899
2024-01-01 6:11,23.99758756,49.75449127
2024-01-01 6:12,23.99713973,49.73268824
2024-01-01 6:13,23.99665382,49.7108903
2024-01-01 6:14,23.99612985,49.68909788
2024-01-01 6:15,23.99556782,49.66731138
2024-01-01 6:16,23.99496774,49.64553123
2024-01-01 6:17,23.99432963,49.62375783
2024-01-01 6:18,23.9936535,49.60199161
2024-01-01 6:19,23.99293936,49.58023297
2024-01-01 6:20,23.99218723,49.55848234
2024-01-01 6:21,23.99139711,49.53674012
2024-01-01 6:22,23.99056903,49.51500674
2024-01-01 6:23,23.98970299,49.4932826
2024-01-01 6:24,23.98879902,49.47156812
2024-01-01 6:25,23.98785714,49.44986372
2024-01-01 6:26,23.98687736,49.42816981
2024-01-01 6:27,23.9858597,49.4064868
2024-01-01 6:28,23.98480417,49.3848151
2024-01-01 6:29,23.98371081,49.36315513
2024-01-01 6:30,23.98257963,49.34150731
2024-01-01 6:31,23.98141065,49.31987204
2024-01-01 6:32,23.98020389,49.29824973
2024-01-01 6:33,23.97895938,49.2766408
2024-01-01 6:34,23.97767714,49.25504567
2024-01-01 6:35,23.9763572,49.23346474
2024-01-01 6:36,23.97499958,49.21189842
2024-01-01 6:37,23.97360431,49.19034712
2024-01-01 6:38,23.9721714,49.16881127
2024-01-01 6:39,23.9707009,49.14729126
2024-01-01 6:40,23.96919283,49.1257875
2024-01-01 6:41,23.96764721,49.10430041
2024-01-01 6:42,23.96606409,49.0828304
2024-01-01 6:43,23.96444347,49.06137788
2024-01-01 6:44,23.96278541,49.03994325
2024-01-01 6:45,23.96108993,49.01852692
2024-01-01 6:46,23.95935705,48.99712931
2024-01-01 6:47,23.95758682,48.97575081
2024-01-01 6:48,23.95577928,48.95439184
2024-01-01 6:49,23.95393444,48.93305281
2024-01-01 6:50,23.95205235,48.91173412
2024-01-01 6:51,23.95013305,48.89043618
2024-01-01 6:52,23.94817656,48.86915939
2024-01-01 6:53,23.94618294,48.84790416
2024-01-01 6:54,23.94415221,48.82667089
2024-01-01 6:55,23.94208441,48.80545999
2024-01-01 6:56,23.93997959,48.78427187
2024-01-01 6:57,23.93783779,48.76310693
2024-01-01 6:58,23.93565903,48.74196556
2024-01-01 6:59,23.93344338,48.72084819
2024-01-01 7:00,23.93119086,48.69975519
2024-01-01 7:01,23.92890153,48.67868699
2024-01-01 7:02,23.92657542,48.65764398
2024-01-01 7:03,23.92421258,48.63662656
2024-01-01 7:04,23.92181306,48.61563514
2024-01-01 7:05,23.91937689,48.5946701
2024-01-01 7:06,23.91690414,48.57373186
2024-01-01 7:07,23.91439483,48.55282081
2024-01-01 7:08,23.91184903,48.53193735
2024-01-01 7:09,23.90926678,48.51108188
2024-01-01 7:10,23.90664813,48.4902548
2024-01-01 7:11,23.90399313,48.4694565
2024-01-01 7:12,23.90130183,48.44868738
2024-01-01 7:13,23.89857429,48.42794783
2024-01-01 7:14,23.89581054,48.40723826
2024-01-01 7:15,23.89301065,48.38655905
2024-01-01 7:16,23.89017467,48.36591061
2024-01-01 7:17,23.88730266,48.34529331
2024-01-01 7:18,23.88439466,48.32470757
2024-01-01 7:19,23.88145074,48.30415376
2024-01-01 7:20,23.87847095,48.28363229
2024-01-01 7:21,23.87545534,48.26314353
2024-01-01 7:22,23.87240398,48.24268789
2024-01-01 7:23,23.86931692,48.22226576
2024-01-01 7:24,23.86619422,48.20187751
2024-01-01 7:25,23.86303595,48.18152355
2024-01-01 7:26,23.85984215,48.16120426
2024-01-01 7:27,23.8566129,48.14092002
2024-01-01 7:28,23.85334825,48.12067123
2024-01-01 7:29,23.85004827,48.10045827
2024-01-01 7:30,23.84671301,48.08028152
2024-01-01 7:31,23.84334255,48.06014137
2024-01-01 7:32,23.83993694,48.0400382
2024-01-01 7:33,23.83649626,48.0199724
2024-01-01 7:34,23.83302056,47.99994435
2024-01-01 7:35,23.82950992,47.97995444
2024-01-01 7:36,23.8259644,47.96000303
2024-01-01 7:37,23.82238406,47.94009052
2024-01-01 7:38,23.81876898,47.92021727
2024-01-01 7:39,23.81511923,47.90038368
2024-01-01 7:40,23.81143487,47.88059012
2024-01-01 7:41,23.80771597,47.86083697
2024-01-01 7:42,23.80396262,47.8411246
2024-01-01 7:43,23.80017486,47.82145338
2024-01-01 7:44,23.79635279,47.80182371
2024-01-01 7:45,23.79249647,47.78223594
2024-01-01 7:46,23.78860598,47.76269045
2024-01-01 7:47,23.78468139,47.74318761
2024-01-01 7:48,23.78072277,47.72372781
2024-01-01 7:49,23.7767302,47.7043114
2024-01-01 7:50,23.77270376,47.68493875
2024-01-01 7:51,23.76864352,47.66561025
2024-01-01 7:52,23.76454957,47.64632624
2024-01-01 7:53,23.76042197,47.62708712
2024-01-01 7:54,23.75626081,47.60789323
2024-01-01 7:55,23.75206617,47.58874494
2024-01-01 7:56,23.74783812,47.56964263
2024-01-01 7:57,23.74357675,47.55058665
2024-01-01 7:58,23.73928214,47.53157737
2024-01-01 7:59,23.73495437,47.51261516
2024-01-01 8:00,23.73059352,47.49370036
2024-01-01 8:01,23.72619968,47.47483334
2024-01-01 8:02,23.72177293,47.45601447
2024-01-01 8:03,23.71731335,47.4372441
2024-01-01 8:04,23.71282104,47.41852259
2024-01-01 8:05,23.70829606,47.39985029
2024-01-01 8:06,23.70373852,47.38122757
2024-01-01 8:07,23.6991485,47.36265477
2024-01-01 8:08,23.69452608,47.34413226
2024-01-01 8:09,23.68987136,47.32566038
2024-01-01 8:10,23.68518442,47.30723948
2024-01-01 8:11,23.68046535,47.28886992
2024-01-01 8:12,23.67571424,47.27055205
2024-01-01 8:13,23.67093119,47.25228622
2024-01-01 8:14,23.66611628,47.23407277
2024-01-01 8:15,23.6612696,47.21591206
2024-01-01 8:16,23.65639126,47.19780442
2024-01-01 8:17,23.65148133,47.17975021
2024-01-01 8:18,23.64653992,47.16174977
2024-01-01 8:19,23.64156711,47.14380343
2024-01-01 8:20,23.63656301,47.12591155
2024-01-01 8:21,23.63152771,47.10807447
2024-01-01 8:22,23.62646131,47.09029252
2024-01-01 8:23,23.62136389,47.07256604
2024-01-01 8:24,23.61623556,47.05489538
2024-01-01 8:25,23.61107642,47.03728086
2024-01-01 8:26,23.60588657,47.01972283
2024-01-01 8:27,23.6006661,47.00222161
2024-01-01 8:28,23.59541511,46.98477755
2024-01-01 8:29,23.59013371,46.96739098
2024-01-01 8:30,23.58482199,46.95006222
2024-01-01 8:31,23.57948005,46.93279161
2024-01-01 8:32,23.574108,46.91557947
2024-01-01 8:33,23.56870594,46.89842614
2024-01-01 8:34,23.56327398,46.88133194
2024-01-01 8:35,23.55781221,46.8642972
2024-01-01 8:36,23.55232074,46.84732224
2024-01-01 8:37,23.54679967,46.83040739
2024-01-01 8:38,23.54124912,46.81355297
2024-01-01 8:39,23.53566918,46.79675929
2024-01-01 8:40,23.53005997,46.78002669
2024-01-01 8:41,23.52442158,46.76335547
2024-01-01 8:42,23.51875413,46.74674596
2024-01-01 8:43,23.51305772,46.73019848
2024-01-01 8:44,23.50733247,46.71371333
2024-01-01 8:45,23.50157848,46.69729083
2024-01-01 8:46,23.49579587,46.68093131
2024-01-01 8:47,23.48998474,46.66463506
2024-01-01 8:48,23.48414519,46.6484024
2024-01-01 8:49,23.47827736,46.63223363
2024-01-01 8:50,23.47238134,46.61612908
2024-01-01 8:51,23.46645725,46.60008903
2024-01-01 8:52,23.4605052,46.58411381
2024-01-01 8:53,23.45452531,46.56820371
2024-01-01 8:54,23.44851769,46.55235904
2024-01-01 8:55,23.44248245,46.5365801
2024-01-01 8:56,23.43641971,46.52086719
2024-01-01 8:57,23.43032958,46.5052206
2024-01-01 8:58,23.42421219,46.48964065
2024-01-01 8:59,23.41806764,46.47412762
2024-01-01 9:00,23.41189606,46.45868181
2024-01-01 9:01,23.40569756,46.44330352
2024-01-01 9:02,23.39947226,46.42799303
2024-01-01 9:03,23.39322028,46.41275065
2024-01-01 9:04,23.38694173,46.39757666
2024-01-01 9:05,23.38063675,46.38247134
2024-01-01 9:06,23.37430544,46.367435
2024-01-01 9:07,23.36794793,46.35246791
2024-01-01 9:08,23.36156434,46.33757036
2024-01-01 9:09,23.3551548,46.32274264
2024-01-01 9:10,23.34871941,46.30798502
2024-01-01 9:11,23.34225832,46.29329779
2024-01-01 9:12,23.33577163,46.27868123
2024-01-01 9:13,23.32925948,46.26413561
2024-01-01 9:14,23.32272199,46.24966122
2024-01-01 9:15,23.31615927,46.23525833
2024-01-01 9:16,23.30957147,46.22092722
2024-01-01 9:17,23.30295869,46.20666815
2024-01-01 9:18,23.29632108,46.19248141
2024-01-01 9:19,23.28965875,46.17836725
2024-01-01 9:20,23.28297184,46.16432596
2024-01-01 9:21,23.27626046,46.15035779
2024-01-01 9:22,23.26952476,46.13646301
2024-01-01 9:23,23.26276485,46.12264189
2024-01-01 9:24,23.25598086,46.1088947
2024-01-01 9:25,23.24917293,46.09522169
2024-01-01 9:26,23.24234119,46.08162312
2024-01-01 9:27,23.23548575,46.06809926
2024-01-01 9:28,23.22860677,46.05465036
2024-01-01 9:29,23.22170436,46.04127667
2024-01-01 9:30,23.21477866,46.02797846
2024-01-01 9:31,23.2078298,46.01475598
2024-01-01 9:32,23.20085791,46.00160948
2024-01-01 9:33,23.19386313,45.9885392
2024-01-01 9:34,23.18684558,45.97554541
2024-01-01 9:35,23.17980541,45.96262834
2024-01-01 9:36,23.17274275,45.94978824
2024-01-01 9:37,23.16565773,45.93702536
2024-01-01 9:38,23.15855048,45.92433994
2024-01-01 9:39,23.15142115,45.91173223
2024-01-01 9:40,23.14426986,45.89920245
2024-01-01 9:41,23.13709676,45.88675086
2024-01-01 9:42,23.12990198,45.87437769
2024-01-01 9:43,23.12268566,45.86208317
2024-01-01 9:44,23.11544794,45.84986755
2024-01-01 9:45,23.10818894,45.83773104
2024-01-01 9:46,23.10090883,45.82567389
2024-01-01 9:47,23.09360772,45.81369632
2024-01-01 9:48,23.08628576,45.80179857
2024-01-01 9:49,23.07894309,45.78998085
2024-01-01 9:50,23.07157986,45.7782434
2024-01-01 9:51,23.06419619,45.76658643
2024-01-01 9:52,23.05679223,45.75501018
2024-01-01 9:53,23.04936813,45.74351485
2024-01-01 9:54,23.04192402,45.73210068
2024-01-01 9:55,23.03446004,45.72076787
2024-01-01 9:56,23.02697635,45.70951665
2024-01-01 9:57,23.01947307,45.69834723
2024-01-01 9:58,23.01195036,45.68725981
2024-01-01 9:59,23.00440836,45.67625462
2024-01-01 10:00,22.9968472,45.66533186
2024-01-01 10:01,22.98926704,45.65449175
2024-01-01 10:02,22.98166802,45.64373447
2024-01-01 10:03,22.97405029,45.63306026
2024-01-01 10:04,22.96641398,45.62246929
2024-01-01 10:05,22.95875925,45.61196179
2024-01-01 10:06,22.95108624,45.60153794
2024-01-01 10:07,22.9433951,45.59119795
2024-01-01 10:08,22.93568598,45.58094202
2024-01-01 10:09,22.92795901,45.57077033
2024-01-01 10:10,22.92021435,45.56068309
2024-01-01 10:11,22.91245215,45.55068048
2024-01-01 10:12,22.90467255,45.5407627
2024-01-01 10:13,22.89687571,45.53092993
2024-01-01 10:14,22.88906177,45.52118237
2024-01-01 10:15,22.88123087,45.5115202
2024-01-01 10:16,22.87338318,45.5019436
2024-01-01 10:17,22.86551883,45.49245275
2024-01-01 10:18,22.85763799,45.48304784
2024-01-01 10:19,22.84974079,45.47372905
2024-01-01 10:20,22.84182739,45.46449655
2024-01-01 10:21,22.83389794,45.45535052
2024-01-01 10:22,22.8259526,45.44629114
2024-01-01 10:23,22.8179915,45.43731857
2024-01-01 10:24,22.81001482,45.42843298
2024-01-01 10:25,22.80202269,45.41963456
2024-01-01 10:26,22.79401526,45.41092346
2024-01-01 10:27,22.78599271,45.40229985
2024-01-01 10:28,22.77795516,45.3937639
2024-01-01 10:29,22.76990279,45.38531576
2024-01-01 10:30,22.76183573,45.3769556
2024-01-01 10:31,22.75375415,45.36868359
2024-01-01 10:32,22.74565821,45.36049986
2024-01-01 10:33,22.73754804,45.3524046
2024-01-01 10:34,22.72942381,45.34439793
2024-01-01 10:35,22.72128568,45.33648003
2024-01-01 10:36,22.7131338,45.32865103
2024-01-01 10:37,22.70496832,45.3209111
2024-01-01 10:38,22.6967894,45.31326037
2024-01-01 10:39,22.68859719,45.305699
2024-01-01 10:40,22.68039186,45.29822712
2024-01-01 10:41,22.67217356,45.29084488
2024-01-01 10:42,22.66394244,45.28355242
2024-01-01 10:43,22.65569866,45.27634988
2024-01-01 10:44,22.64744238,45.2692374
2024-01-01 10:45,22.63917376,45.26221511
2024-01-01 10:46,22.63089295,45.25528315
2024-01-01 10:47,22.62260012,45.24844164
2024-01-01 10:48,22.61429541,45.24169072
2024-01-01 10:49,22.605979,45.23503052
2024-01-01 10:50,22.59765103,45.22846117
2024-01-01 10:51,22.58931166,45.22198278
2024-01-01 10:52,22.58096106,45.21559549
2024-01-01 10:53,22.57259939,45.20929941
2024-01-01 10:54,22.56422679,45.20309467
2024-01-01 10:55,22.55584345,45.19698138
2024-01-01 10:56,22.5474495,45.19095966
2024-01-01 10:57,22.53904512,45.18502962
2024-01-01 10:58,22.53063046,45.17919138
2024-01-01 10:59,22.52220568,45.17344505
2024-01-01 11:00,22.51377095,45.16779074
2024-01-01 11:01,22.50532642,45.16222855
2024-01-01 11:02,22.49687226,45.1567586
2024-01-01 11:03,22.48840862,45.15138098
2024-01-01 11:04,22.47993567,45.14609581
2024-01-01 11:05,22.47145358,45.14090317
2024-01-01 11:06,22.46296249,45.13580317
2024-01-01 11:07,22.45446258,45.13079591
2024-01-01 11:08,22.44595401,45.12588148
2024-01-01 11:09,22.43743693,45.12105997
2024-01-01 11:10,22.42891151,45.11633148
2024-01-01 11:11,22.42037792,45.1116961
2024-01-01 11:12,22.41183631,45.10715391
2024-01-01 11:13,22.40328685,45.10270501
2024-01-01 11:14,22.3947297,45.09834947
2024-01-01 11:15,22.38616503,45.09408739
2024-01-01 11:16,22.37759299,45.08991883
2024-01-01 11:17,22.36901375,45.08584389
2024-01-01 11:18,22.36042748,45.08186263
2024-01-01 11:19,22.35183434,45.07797514
2024-01-01 11:20,22.34323449,45.07418149
2024-01-01 11:21,22.3346281,45.07048174
2024-01-01 11:22,22.32601532,45.06687598
2024-01-01 11:23,22.31739633,45.06336427
2024-01-01 11:24,22.30877129,45.05994668
2024-01-01 11:25,22.30014036,45.05662327
2024-01-01 11:26,22.29150372,45.0533941
2024-01-01 11:27,22.28286151,45.05025924
2024-01-01 11:28,22.27421391,45.04721875
2024-01-01 11:29,22.26556108,45.04427269
2024-01-01 11:30,22.25690319,45.0414211
2024-01-01 11:31,22.2482404,45.03866405
2024-01-01 11:32,22.23957288,45.03600159
2024-01-01 11:33,22.23090079,45.03343377
2024-01-01 11:34,22.2222243,45.03096063
2024-01-01 11:35,22.21354357,45.02858223
2024-01-01 11:36,22.20485878,45.02629861
2024-01-01 11:37,22.19617007,45.02410981
2024-01-01 11:38,22.18747763,45.02201588
2024-01-01 11:39,22.17878161,45.02001686
2024-01-01 11:40,22.17008218,45.01811278
2024-01-01 11:41,22.16137951,45.01630367
2024-01-01 11:42,22.15267377,45.01458958
2024-01-01 11:43,22.14396511,45.01297054
2024-01-01 11:44,22.13525371,45.01144658
2024-01-01 11:45,22.12653973,45.01001772
2024-01-01 11:46,22.11782333,45.008684
2024-01-01 11:47,22.1091047,45.00744544
2024-01-01 11:48,22.10038398,45.00630206
2024-01-01 11:49,22.09166134,45.00525389
2024-01-01 11:50,22.08293696,45.00430094
2024-01-01 11:51,22.074211,45.00344323
2024-01-01 11:52,22.06548362,45.00268078
2024-01-01 11:53,22.056755,45.00201361
2024-01-01 11:54,22.04802529,45.00144173
2024-01-01 11:55,22.03929467,45.00096514
2024-01-01 11:56,22.0305633,45.00058386
2024-01-01 11:57,22.02183134,45.00029789
2024-01-01 11:58,22.01309897,45.00010724
2024-01-01 11:59,22.00436635,45.00001192
2024-01-01 12:00,21.99563365,45.00001192
2024-01-01 12:01,21.98690103,45.00010724
2024-01-01 12:02,21.97816866,45.00029789
2024-01-01 12:03,21.9694367,45.00058386
2024-01-01 12:04,21.96070533,45.00096514
2024-01-01 12:05,21.95197471,45.00144173
2024-01-01 12:06,21.943245,45.00201361
2024-01-01 12:07,21.93451638,45.00268078
2024-01-01 12:08,21.925789,45.00344323
2024-01-01 12:09,21.91706304,45.00430094
2024-01-01 12:10,21.90833866,45.00525389
2024-01-01 12:11,21.89961602,45.00630206
2024-01-01 12:12,21.8908953,45.00744544
2024-01-01 12:13,21.88217667,45.008684
2024-01-01 12:14,21.87346027,45.01001772
2024-01-01 12:15,21.86474629,45.01144658
2024-01-01 12:16,21.85603489,45.01297054
2024-01-01 12:17,21.84732623,45.01458958
2024-01-01 12:18,21.83862049,45.01630367
2024-01-01 12:19,21.82991782,45.01811278
2024-01-01 12:20,21.82121839,45.02001686
2024-01-01 12:21,21.81252237,45.02201588
2024-01-01 12:22,21.80382993,45.02410981
2024-01-01 12:23,21.79514122,45.02629861
2024-01-01 12:24,21.78645643,45.02858223
2024-01-01 12:25,21.7777757,45.03096063
2024-01-01 12:26,21.76909921,45.03343377
2024-01-01 12:27,21.76042712,45.03600159
2024-01-01 12:28,21.7517596,45.03866405
2024-01-01 12:29,21.74309681,45.0414211
2024-01-01 12:30,21.73443892,45.04427269
2024-01-01 12:31,21.72578609,45.04721875
2024-01-01 12:32,21.71713849,45.05025924
2024-01-01 12:33,21.70849628,45.0533941
2024-01-01 12:34,21.69985964,45.05662327
2024-01-01 12:35,21.69122871,45.05994668
2024-01-01 12:36,21.68260367,45.06336427
2024-01-01 12:37,21.67398468,45.06687598
2024-01-01 12:38,21.6653719,45.07048174
2024-01-01 12:39,21.65676551,45.07418149
2024-01-01 12:40,21.64816566,45.07797514
2024-01-01 12:41,21.63957252,45.08186263
2024-01-01 12:42,21.63098625,45.08584389
2024-01-01 12:43,21.62240701,45.08991883
2024-01-01 12:44,21.61383497,45.09408739
2024-01-01 12:45,21.6052703,45.09834947
2024-01-01 12:46,21.59671315,45.10270501
2024-01-01 12:47,21.58816369,45.10715391
2024-01-01 12:48,21.57962208,45.1116961
2024-01-01 12:49,21.57108849,45.11633148
2024-01-01 12:50,21.56256307,45.12105997
2024-01-01 12:51,21.55404599,45.12588148
2024-01-01 12:52,21.54553742,45.13079591
2024-01-01 12:53,21.53703751,45.13580317
2024-01-01 12:54,21.52854642,45.14090317
2024-01-01 12:55,21.52006433,45.14609581
2024-01-01 12:56,21.51159138,45.15138098
2024-01-01 12:57,21.50312774,45.1567586
2024-01-01 12:58,21.49467358,45.16222855
2024-01-01 12:59,21.48622905,45.16779074
2024-01-01 13:00,21.47779432,45.17344505
2024-01-01 13:01,21.46936954,45.17919138
2024-01-01 13:02,21.46095488,45.18502962
2024-01-01 13:03,21.4525505,45.19095966
2024-01-01 13:04,21.44415655,45.19698138
2024-01-01 13:05,21.43577321,45.20309467
2024-01-01 13:06,21.42740061,45.20929941
2024-01-01 13:07,21.41903894,45.21559549
2024-01-01 13:08,21.41068834,45.22198278
2024-01-01 13:09,21.40234897,45.22846117
2024-01-01 13:10,21.394021,45.23503052
2024-01-01 13:11,21.38570459,45.24169072
2024-01-01 13:12,21.37739988,45.24844164
2024-01-01 13:13,21.36910705,45.25528315
2024-01-01 13:14,21.36082624,45.26221511
2024-01-01 13:15,21.35255762,45.2692374
2024-01-01 13:16,21.34430134,45.27634988
2024-01-01 13:17,21.33605756,45.28355242
2024-01-01 13:18,21.32782644,45.29084488
2024-01-01 13:19,21.31960814,45.29822712
2024-01-01 13:20,21.31140281,45.305699
2024-01-01 13:21,21.3032106,45.31326037
2024-01-01 13:22,21.29503168,45.3209111
2024-01-01 13:23,21.2868662,45.32865103
2024-01-01 13:24,21.27871432,45.33648003
2024-01-01 13:25,21.27057619,45.34439793
2024-01-01 13:26,21.26245196,45.3524046
2024-01-01 13:27,21.25434179,45.36049986
2024-01-01 13:28,21.24624585,45.36868359
2024-01-01 13:29,21.23816427,45.3769556
2024-01-01 13:30,21.23009721,45.38531576
2024-01-01 13:31,21.22204484,45.3937639
2024-01-01 13:32,21.21400729,45.40229985
2024-01-01 13:33,21.20598474,45.41092346
2024-01-01 13:34,21.19797731,45.41963456
2024-01-01 13:35,21.18998518,45.42843298
2024-01-01 13:36,21.1820085,45.43731857
2024-01-01 13:37,21.1740474,45.44629114
2024-01-01 13:38,21.16610206,45.45535052
2024-01-01 13:39,21.15817261,45.46449655
2024-01-01 13:40,21.15025921,45.47372905
2024-01-01 13:41,21.14236201,45.48304784
2024-01-01 13:42,21.13448117,45.49245275
2024-01-01 13:43,21.12661682,45.5019436
2024-01-01 13:44,21.11876913,45.5115202
2024-01-01 13:45,21.11093823,45.52118237
2024-01-01 13:46,21.10312429,45.53092993
2024-01-01 13:47,21.09532745,45.5407627
2024-01-01 13:48,21.08754785,45.55068048
2024-01-01 13:49,21.07978565,45.56068309
2024-01-01 13:50,21.07204099,45.57077033
2024-01-01 13:51,21.06431402,45.58094202
2024-01-01 13:52,21.0566049,45.59119795
2024-01-01 13:53,21.04891376,45.60153794
2024-01-01 13:54,21.04124075,45.61196179
2024-01-01 13:55,21.03358602,45.62246929
2024-01-01 13:56,21.02594971,45.63306026
2024-01-01 13:57,21.01833198,45.64373447
2024-01-01 13:58,21.01073296,45.65449175
2024-01-01 13:59,21.0031528,45.66533186
2024-01-01 14:00,20.99559164,45.67625462
2024-01-01 14:01,20.98804964,45.68725981
2024-01-01 14:02,20.98052693,45.69834723
2024-01-01 14:03,20.97302365,45.70951665
2024-01-01 14:04,20.96553996,45.72076787
2024-01-01 14:05,20.95807598,45.73210068
2024-01-01 14:06,20.95063187,45.74351485
2024-01-01 14:07,20.94320777,45.75501018
2024-01-01 14:08,20.93580381,45.76658643
2024-01-01 14:09,20.92842014,45.7782434
2024-01-01 14:10,20.92105691,45.78998085
2024-01-01 14:11,20.91371424,45.80179857
2024-01-01 14:12,20.90639228,45.81369632
2024-01-01 14:13,20.89909117,45.82567389
2024-01-01 14:14,20.89181106,45.83773104
2024-01-01 14:15,20.88455206,45.84986755
2024-01-01 14:16,20.87731434,45.86208317
2024-01-01 14:17,20.87009802,45.87437769
2024-01-01 14:18,20.86290324,45.88675086
2024-01-01 14:19,20.85573014,45.89920245
2024-01-01 14:20,20.84857885,45.91173223
2024-01-01 14:21,20.84144952,45.92433994
2024-01-01 14:22,20.83434227,45.93702536
2024-01-01 14:23,20.82725725,45.94978824
2024-01-01 14:24,20.82019459,45.96262834
2024-01-01 14:25,20.81315442,45.97554541
2024-01-01 14:26,20.80613687,45.9885392
2024-01-01 14:27,20.79914209,46.00160948
2024-01-01 14:28,20.7921702,46.01475598
2024-01-01 14:29,20.78522134,46.02797846
2024-01-01 14:30,20.77829564,46.04127667
2024-01-01 14:31,20.77139323,46.05465036
2024-01-01 14:32,20.76451425,46.06809926
2024-01-01 14:33,20.75765881,46.08162312
2024-01-01 14:34,20.75082707,46.09522169
2024-01-01 14:35,20.74401914,46.1088947
2024-01-01 14:36,20.73723515,46.12264189
2024-01-01 14:37,20.73047524,46.13646301
2024-01-01 14:38,20.72373954,46.15035779
2024-01-01 14:39,20.71702816,46.16432596
2024-01-01 14:40,20.71034125,46.17836725
2024-01-01 14:41,20.70367892,46.19248141
2024-01-01 14:42,20.69704131,46.20666815
2024-01-01 14:43,20.69042853,46.22092722
2024-01-01 14:44,20.68384073,46.23525833
2024-01-01 14:45,20.67727801,46.24966122
2024-01-01 14:46,20.67074052,46.26413561
2024-01-01 14:47,20.66422837,46.27868123
2024-01-01 14:48,20.65774168,46.29329779
2024-01-01 14:49,20.65128059,46.30798502
2024-01-01 14:50,20.6448452,46.32274264
2024-01-01 14:51,20.63843566,46.33757036
2024-01-01 14:52,20.63205207,46.35246791
2024-01-01 14:53,20.62569456,46.367435
2024-01-01 14:54,20.61936325,46.38247134
2024-01-01 14:55,20.61305827,46.39757666
2024-01-01 14:56,20.60677972,46.41275065
2024-01-01 14:57,20.60052774,46.42799303
2024-01-01 14:58,20.59430244,46.44330352
2024-01-01 14:59,20.58810394,46.45868181
2024-01-01 15:00,20.58193236,46.47412762
2024-01-01 15:01,20.57578781,46.48964065
2024-01-01 15:02,20.56967042,46.5052206
2024-01-01 15:03,20.56358029,46.52086719
2024-01-01 15:04,20.55751755,46.5365801
2024-01-01 15:05,20.55148231,46.55235904
2024-01-01 15:06,20.54547469,46.56820371
2024-01-01 15:07,20.5394948,46.58411381
2024-01-01 15:08,20.53354275,46.60008903
2024-01-01 15:09,20.52761866,46.61612908
2024-01-01 15:10,20.52172264,46.63223363
2024-01-01 15:11,20.51585481,46.6484024
2024-01-01 15:12,20.51001526,46.66463506
2024-01-01 15:13,20.50420413,46.68093131
2024-01-01 15:14,20.49842152,46.69729083
2024-01-01 15:15,20.49266753,46.71371333
2024-01-01 15:16,20.48694228,46.73019848
2024-01-01 15:17,20.48124587,46.74674596
2024-01-01 15:18,20.47557842,46.76335547
2024-01-01 15:19,20.46994003,46.78002669
2024-01-01 15:20,20.46433082,46.79675929
2024-01-01 15:21,20.45875088,46.81355297
2024-01-01 15:22,20.45320033,46.83040739
2024-01-01 15:23,20.44767926,46.84732224
2024-01-01 15:24,20.44218779,46.8642972
2024-01-01 15:25,20.43672602,46.88133194
2024-01-01 15:26,20.43129406,46.89842614
2024-01-01 15:27,20.425892,46.91557947
2024-01-01 15:28,20.42051995,46.93279161
2024-01-01 15:29,20.41517801,46.95006222
2024-01-01 15:30,20.40986629,46.96739098
2024-01-01 15:31,20.40458489,46.98477755
2024-01-01 15:32,20.3993339,47.00222161
2024-01-01 15:33,20.39411343,47.01972283
2024-01-01 15:34,20.38892358,47.03728086
2024-01-01 15:35,20.38376444,47.05489538
2024-01-01 15:36,20.37863611,47.07256604
2024-01-01 15:37,20.37353869,47.09029252
2024-01-01 15:38,20.36847229,47.10807447
2024-01-01 15:39,20.36343699,47.12591155
2024-01-01 15:40,20.35843289,47.14380343
2024-01-01 15:41,20.35346008,47.16174977
2024-01-01 15:42,20.34851867,47.17975021
2024-01-01 15:43,20.34360874,47.19780442
2024-01-01 15:44,20.3387304,47.21591206
2024-01-01 15:45,20.33388372,47.23407277
2024-01-01 15:46,20.32906881,47.25228622
2024-01-01 15:47,20.32428576,47.27055205
2024-01-01 15:48,20.31953465,47.28886992
2024-01-01 15:49,20.31481558,47.30723948
2024-01-01 15:50,20.31012864,47.32566038
2024-01-01 15:51,20.30547392,47.34413226
2024-01-01 15:52,20.3008515,47.36265477
2024-01-01 15:53,20.29626148,47.38122757
2024-01-01 15:54,20.29170394,47.39985029
2024-01-01 15:55,20.28717896,47.41852259
2024-01-01 15:56,20.28268665,47.4372441
2024-01-01 15:57,20.27822707,47.45601447
2024-01-01 15:58,20.27380032,47.47483334
2024-01-01 15:59,20.26940648,47.49370036
2024-01-01 16:00,20.26504563,47.51261516
2024-01-01 16:01,20.26071786,47.53157737
2024-01-01 16:02,20.25642325,47.55058665
2024-01-01 16:03,20.25216188,47.56964263
2024-01-01 16:04,20.24793383,47.58874494
2024-01-01 16:05,20.24373919,47.60789323
2024-01-01 16:06,20.23957803,47.62708712
2024-01-01 16:07,20.23545043,47.64632624
2024-01-01 16:08,20.23135648,47.66561025
2024-01-01 16:09,20.22729624,47.68493875
2024-01-01 16:10,20.2232698,47.7043114
2024-01-01 16:11,20.21927723,47.72372781
2024-01-01 16:12,20.21531861,47.74318761
2024-01-01 16:13,20.21139402,47.76269045
2024-01-01 16:14,20.20750353,47.78223594
2024-01-01 16:15,20.20364721,47.80182371
2024-01-01 16:16,20.19982514,47.82145338
2024-01-01 16:17,20.19603738,47.8411246
2024-01-01 16:18,20.19228403,47.86083697
2024-01-01 16:19,20.18856513,47.88059012
2024-01-01 16:20,20.18488077,47.90038368
2024-01-01 16:21,20.18123102,47.92021727
2024-01-01 16:22,20.17761594,47.94009052
2024-01-01 16:23,20.1740356,47.96000303
2024-01-01 16:24,20.17049008,47.97995444
2024-01-01 16:25,20.16697944,47.99994435
2024-01-01 16:26,20.16350374,48.0199724
2024-01-01 16:27,20.16006306,48.0400382
2024-01-01 16:28,20.15665745,48.06014137
2024-01-01 16:29,20.15328699,48.08028152
2024-01-01 16:30,20.14995173,48.10045827
2024-01-01 16:31,20.14665175,48.12067123
2024-01-01 16:32,20.1433871,48.14092002
2024-01-01 16:33,20.14015785,48.16120426
2024-01-01 16:34,20.13696405,48.18152355
2024-01-01 16:35,20.13380578,48.20187751
2024-01-01 16:36,20.13068308,48.22226576
2024-01-01 16:37,20.12759602,48.24268789
2024-01-01 16:38,20.12454466,48.26314353
2024-01-01 16:39,20.12152905,48.28363229
2024-01-01 16:40,20.11854926,48.30415376
2024-01-01 16:41,20.11560534,48.32470757
2024-01-01 16:42,20.11269734,48.34529331
2024-01-01 16:43,20.10982533,48.36591061
2024-01-01 16:44,20.10698935,48.38655905
2024-01-01 16:45,20.10418946,48.40723826
2024-01-01 16:46,20.10142571,48.42794783
2024-01-01 16:47,20.09869817,48.44868738
2024-01-01 16:48,20.09600687,48.4694565
2024-01-01 16:49,20.09335187,48.4902548
2024-01-01 16:50,20.09073322,48.51108188
2024-01-01 16:51,20.08815097,48.53193735
2024-01-01 16:52,20.08560517,48.55282081
2024-01-01 16:53,20.08309586,48.57373186
2024-01-01 16:54,20.08062311,48.5946701
2024-01-01 16:55,20.07818694,48.61563514
2024-01-01 16:56,20.07578742,48.63662656
2024-01-01 16:57,20.07342458,48.65764398
2024-01-01 16:58,20.07109847,48.67868699
2024-01-01 16:59,20.06880914,48.69975519
2024-01-01 17:00,20.06655662,48.72084819
2024-01-01 17:01,20.06434097,48.74196556
2024-01-01 17:02,20.06216221,48.76310693
2024-01-01 17:03,20.06002041,48.78427187
2024-01-01 17:04,20.05791559,48.80545999
2024-01-01 17:05,20.05584779,48.82667089
2024-01-01 17:06,20.05381706,48.84790416
2024-01-01 17:07,20.05182344,48.86915939
2024-01-01 17:08,20.04986695,48.89043618
2024-01-01 17:09,20.04794765,48.91173412
2024-01-01 17:10,20.04606556,48.93305281
2024-01-01 17:11,20.04422072,48.95439184
2024-01-01 17:12,20.04241318,48.97575081
2024-01-01 17:13,20.04064295,48.99712931
2024-01-01 17:14,20.03891007,49.01852692
2024-01-01 17:15,20.03721459,49.03994325
2024-01-01 17:16,20.03555653,49.06137788
2024-01-01 17:17,20.03393591,49.0828304
2024-01-01 17:18,20.03235279,49.10430041
2024-01-01 17:19,20.03080717,49.1257875
2024-01-01 17:20,20.0292991,49.14729126
2024-01-01 17:21,20.0278286,49.16881127
2024-01-01 17:22,20.02639569,49.19034712
2024-01-01 17:23,20.02500042,49.21189842
2024-01-01 17:24,20.0236428,49.23346474
2024-01-01 17:25,20.02232286,49.25504567
2024-01-01 17:26,20.02104062,49.2766408
2024-01-01 17:27,20.01979611,49.29824973
2024-01-01 17:28,20.01858935,49.31987204
2024-01-01 17:29,20.01742037,49.34150731
2024-01-01 17:30,20.01628919,49.36315513
2024-01-01 17:31,20.01519583,49.3848151
2024-01-01 17:32,20.0141403,49.4064868
2024-01-01 17:33,20.01312264,49.42816981
2024-01-01 17:34,20.01214286,49.44986372
2024-01-01 17:35,20.01120098,49.47156812
2024-01-01 17:36,20.01029701,49.4932826
2024-01-01 17:37,20.00943097,49.51500674
2024-01-01 17:38,20.00860289,49.53674012
2024-01-01 17:39,20.00781277,49.55848234
2024-01-01 17:40,20.00706064,49.58023297
2024-01-01 17:41,20.0063465,49.60199161
2024-01-01 17:42,20.00567037,49.62375783
2024-01-01 17:43,20.00503226,49.64553123
2024-01-01 17:44,20.00443218,49.66731138
2024-01-01 17:45,20.00387015,49.68909788
2024-01-01 17:46,20.00334618,49.7108903
2024-01-01 17:47,20.00286027,49.73268824
2024-01-01 17:48,20.00241244,49.75449127
2024-01-01 17:49,20.00200269,49.77629899
2024-01-01 17:50,20.00163103,49.79811097
2024-01-01 17:51,20.00129748,49.81992679
2024-01-01 17:52,20.00100202,49.84174605
2024-01-01 17:53,20.00074468,49.86356833
2024-01-01 17:54,20.00052546,49.88539321
2024-01-01 17:55,20.00034435,49.90722027
2024-01-01 17:56,20.00020137,49.92904911
2024-01-01 17:57,20.00009652,49.95087929
2024-01-01 17:58,20.00002979,49.97271041
2024-01-01 17:59,20.00000119,49.99454206
2024-01-01 18:00,20.00001072,50.0163738
2024-01-01 18:01,20.00005839,50.03820524
2024-01-01 18:02,20.00014418,50.06003594
2024-01-01 18:03,20.0002681,50.0818655
2024-01-01 18:04,20.00043014,50.1036935
2024-01-01 18:05,20.00063031,50.12551953
2024-01-01 18:06,20.00086859,50.14734316
2024-01-01 18:07,20.00114499,50.16916398
2024-01-01 18:08,20.00145949,50.19098158
2024-01-01 18:09,20.0018121,50.21279553
2024-01-01 18:10,20.0022028,50.23460543
2024-01-01 18:11,20.00263159,50.25641085
2024-01-01 18:12,20.00309846,50.27821139
2024-01-01 18:13,20.00360341,50.30000662
2024-01-01 18:14,20.00414641,50.32179614
2024-01-01 18:15,20.00472746,50.34357952
2024-01-01 18:16,20.00534656,50.36535634
2024-01-01 18:17,20.00600368,50.38712621
2024-01-01 18:18,20.00669882,50.40888869
2024-01-01 18:19,20.00743196,50.43064337
2024-01-01 18:20,20.00820309,50.45238985
2024-01-01 18:21,20.00901219,50.4741277
2024-01-01 18:22,20.00985925,50.49585651
2024-01-01 18:23,20.01074425,50.51757587
2024-01-01 18:24,20.01166718,50.53928536
2024-01-01 18:25,20.01262801,50.56098457
2024-01-01 18:26,20.01362674,50.58267308
2024-01-01 18:27,20.01466333,50.60435049
2024-01-01 18:28,20.01573778,50.62601637
2024-01-01 18:29,20.01685005,50.64767032
2024-01-01 18:30,20.01800014,50.66931192
2024-01-01 18:31,20.01918801,50.69094076
2024-01-01 18:32,20.02041365,50.71255643
2024-01-01 18:33,20.02167702,50.73415851
2024-01-01 18:34,20.02297812,50.7557466
2024-01-01 18:35,20.0243169,50.77732028
2024-01-01 18:36,20.02569335,50.79887913
2024-01-01 18:37,20.02710744,50.82042276
2024-01-01 18:38,20.02855915,50.84195075
2024-01-01 18:39,20.03004844,50.86346268
2024-01-01 18:40,20.03157529,50.88495815
2024-01-01 18:41,20.03313966,50.90643675
2024-01-01 18:42,20.03474154,50.92789807
2024-01-01 18:43,20.03638088,50.9493417
2024-01-01 18:44,20.03805766,50.97076723
2024-01-01 18:45,20.03977184,50.99217425
2024-01-01 18:46,20.04152339,51.01356236
2024-01-01 18:47,20.04331229,51.03493114
2024-01-01 18:48,20.04513848,51.05628019
2024-01-01 18:49,20.04700195,51.0776091
2024-01-01 18:50,20.04890265,51.09891747
2024-01-01 18:51,20.05084055,51.12020489
2024-01-01 18:52,20.05281561,51.14147095
2024-01-01 18:53,20.05482779,51.16271525
2024-01-01 18:54,20.05687706,51.18393738
2024-01-01 18:55,20.05896337,51.20513694
2024-01-01 18:56,20.06108669,51.22631352
2024-01-01 18:57,20.06324697,51.24746673
2024-01-01 18:58,20.06544418,51.26859615
2024-01-01 18:59,20.06767827,51.28970138
2024-01-01 19:00,20.0699492,51.31078203
2024-01-01 19:01,20.07225693,51.33183769
2024-01-01 19:02,20.07460141,51.35286795
2024-01-01 19:03,20.0769826,51.37387243
2024-01-01 19:04,20.07940045,51.39485071
2024-01-01 19:05,20.08185491,51.41580239
2024-01-01 19:06,20.08434595,51.43672709
2024-01-01 19:07,20.08687351,51.45762439
2024-01-01 19:08,20.08943754,51.4784939
2024-01-01 19:09,20.09203799,51.49933523
2024-01-01 19:10,20.09467482,51.52014797
2024-01-01 19:11,20.09734798,51.54093173
2024-01-01 19:12,20.10005741,51.56168611
2024-01-01 19:13,20.10280307,51.58241072
2024-01-01 19:14,20.10558489,51.60310516
2024-01-01 19:15,20.10840283,51.62376904
2024-01-01 19:16,20.11125683,51.64440196
2024-01-01 19:17,20.11414685,51.66500353
2024-01-01 19:18,20.11707281,51.68557335
2024-01-01 19:19,20.12003468,51.70611104
2024-01-01 19:20,20.12303238,51.7266162
2024-01-01 19:21,20.12606587,51.74708845
2024-01-01 19:22,20.12913509,51.76752739
2024-01-01 19:23,20.13223998,51.78793262
2024-01-01 19:24,20.13538047,51.80830378
2024-01-01 19:25,20.13855651,51.82864045
2024-01-01 19:26,20.14176804,51.84894227
2024-01-01 19:27,20.145015,51.86920883
2024-01-01 19:28,20.14829733,51.88943975
2024-01-01 19:29,20.15161495,51.90963466
2024-01-01 19:30,20.15496782,51.92979316
2024-01-01 19:31,20.15835586,51.94991486
2024-01-01 19:32,20.16177902,51.96999939
2024-01-01 19:33,20.16523722,51.99004636
2024-01-01 19:34,20.16873039,52.0100554
2024-01-01 19:35,20.17225849,52.03002611
2024-01-01 19:36,20.17582142,52.04995811
2024-01-01 19:37,20.17941914,52.06985104
2024-01-01 19:38,20.18305156,52.0897045
2024-01-01 19:39,20.18671863,52.10951812
2024-01-01 19:40,20.19042027,52.12929153
2024-01-01 19:41,20.1941564,52.14902434
2024-01-01 19:42,20.19792697,52.16871618
2024-01-01 19:43,20.20173189,52.18836667
2024-01-01 19:44,20.20557109,52.20797544
2024-01-01 19:45,20.20944451,52.22754212
2024-01-01 19:46,20.21335206,52.24706632
2024-01-01 19:47,20.21729367,52.26654769
2024-01-01 19:48,20.22126927,52.28598585
2024-01-01 19:49,20.22527879,52.30538042
2024-01-01 19:50,20.22932214,52.32473104
2024-01-01 19:51,20.23339924,52.34403734
2024-01-01 19:52,20.23751003,52.36329895
2024-01-01 19:53,20.24165442,52.38251551
2024-01-01 19:54,20.24583233,52.40168664
2024-01-01 19:55,20.25004369,52.42081198
2024-01-01 19:56,20.25428841,52.43989117
2024-01-01 19:57,20.25856641,52.45892385
2024-01-01 19:58,20.26287761,52.47790964
2024-01-01 19:59,20.26722193,52.49684819
2024-01-01 20:00,20.27159928,52.51573914
2024-01-01 20:01,20.27600959,52.53458213
2024-01-01 20:02,20.28045276,52.5533768
2024-01-01 20:03,20.28492872,52.57212278
2024-01-01 20:04,20.28943737,52.59081973
2024-01-01 20:05,20.29397864,52.60946729
2024-01-01 20:06,20.29855243,52.62806509
2024-01-01 20:07,20.30315866,52.64661279
2024-01-01 20:08,20.30779725,52.66511003
2024-01-01 20:09,20.31246809,52.68355647
2024-01-01 20:10,20.3171711,52.70195174
2024-01-01 20:11,20.3219062,52.72029549
2024-01-01 20:12,20.3266733,52.73858739
2024-01-01 20:13,20.33147229,52.75682707
2024-01-01 20:14,20.33630309,52.7750142
2024-01-01 20:15,20.34116562,52.79314842
2024-01-01 20:16,20.34605977,52.81122938
2024-01-01 20:17,20.35098545,52.82925676
2024-01-01 20:18,20.35594257,52.84723019
2024-01-01 20:19,20.36093103,52.86514934
2024-01-01 20:20,20.36595074,52.88301386
2024-01-01 20:21,20.37100161,52.90082342
2024-01-01 20:22,20.37608353,52.91857768
2024-01-01 20:23,20.38119641,52.93627629
2024-01-01 20:24,20.38634016,52.95391892
2024-01-01 20:25,20.39151467,52.97150524
2024-01-01 20:26,20.39671984,52.9890349
2024-01-01 20:27,20.40195559,53.00650758
2024-01-01 20:28,20.4072218,53.02392294
2024-01-01 20:29,20.41251837,53.04128065
2024-01-01 20:30,20.41784521,53.05858038
2024-01-01 20:31,20.42320222,53.07582179
2024-01-01 20:32,20.42858928,53.09300456
2024-01-01 20:33,20.43400631,53.11012837
2024-01-01 20:34,20.43945319,53.12719288
2024-01-01 20:35,20.44492982,53.14419777
2024-01-01 20:36,20.4504361,53.16114272
2024-01-01 20:37,20.45597192,53.17802739
2024-01-01 20:38,20.46153718,53.19485148
2024-01-01 20:39,20.46713177,53.21161466
2024-01-01 20:40,20.47275559,53.22831661
2024-01-01 20:41,20.47840852,53.24495702
2024-01-01 20:42,20.48409046,53.26153555
2024-01-01 20:43,20.4898013,53.27805191
2024-01-01 20:44,20.49554094,53.29450577
2024-01-01 20:45,20.50130925,53.31089682
2024-01-01 20:46,20.50710614,53.32722475
2024-01-01 20:47,20.51293149,53.34348924
2024-01-01 20:48,20.51878519,53.35968999
2024-01-01 20:49,20.52466713,53.37582669
2024-01-01 20:50,20.5305772,53.39189903
2024-01-01 20:51,20.53651529,53.4079067
2024-01-01 20:52,20.54248127,53.4238494
2024-01-01 20:53,20.54847504,53.43972682
2024-01-01 20:54,20.55449649,53.45553867
2024-01-01 20:55,20.56054549,53.47128463
2024-01-01 20:56,20.56662194,53.48696441
2024-01-01 20:57,20.57272571,53.50257772
2024-01-01 20:58,20.5788567,53.51812425
2024-01-01 20:59,20.58501478,53.5336037
2024-01-01 21:00,20.59119983,53.54901579
2024-01-01 21:01,20.59741175,53.56436022
2024-01-01 21:02,20.60365041,53.57963669
2024-01-01 21:03,20.60991568,53.59484491
2024-01-01 21:04,20.61620746,53.6099846
2024-01-01 21:05,20.62252562,53.62505547
2024-01-01 21:06,20.62887005,53.64005722
2024-01-01 21:07,20.63524061,53.65498957
2024-01-01 21:08,20.64163719,53.66985225
2024-01-01 21:09,20.64805967,53.68464495
2024-01-01 21:10,20.65450793,53.69936741
2024-01-01 21:11,20.66098183,53.71401934
2024-01-01 21:12,20.66748127,53.72860046
2024-01-01 21:13,20.67400611,53.7431105
2024-01-01 21:14,20.68055623,53.75754918
2024-01-01 21:15,20.6871315,53.77191621
2024-01-01 21:16,20.69373181,53.78621134
2024-01-01 21:17,20.70035701,53.80043428
2024-01-01 21:18,20.707007,53.81458476
2024-01-01 21:19,20.71368164,53.82866252
2024-01-01 21:20,20.7203808,53.84266729
2024-01-01 21:21,20.72710436,53.85659879
2024-01-01 21:22,20.73385218,53.87045677
2024-01-01 21:23,20.74062414,53.88424096
2024-01-01 21:24,20.74742012,53.8979511
2024-01-01 21:25,20.75423997,53.91158692
2024-01-01 21:26,20.76108358,53.92514817
2024-01-01 21:27,20.7679508,53.93863458
2024-01-01 21:28,20.77484152,53.9520459
2024-01-01 21:29,20.78175559,53.96538188
2024-01-01 21:30,20.78869289,53.97864226
2024-01-01 21:31,20.79565328,53.99182678
2024-01-01 21:32,20.80263663,54.0049352
2024-01-01 21:33,20.80964281,54.01796727
2024-01-01 21:34,20.81667168,54.03092273
2024-01-01 21:35,20.82372312,54.04380135
2024-01-01 21:36,20.83079698,54.05660287
2024-01-01 21:37,20.83789313,54.06932704
2024-01-01 21:38,20.84501143,54.08197364
2024-01-01 21:39,20.85215176,54.09454242
2024-01-01 21:40,20.85931397,54.10703313
2024-01-01 21:41,20.86649793,54.11944554
2024-01-01 21:42,20.87370349,54.13177941
2024-01-01 21:43,20.88093053,54.14403452
2024-01-01 21:44,20.88817891,54.15621061
2024-01-01 21:45,20.89544848,54.16830747
2024-01-01 21:46,20.90273911,54.18032486
2024-01-01 21:47,20.91005066,54.19226255
2024-01-01 21:48,20.91738299,54.20412031
2024-01-01 21:49,20.92473596,54.21589792
2024-01-01 21:50,20.93210943,54.22759516
2024-01-01 21:51,20.93950326,54.2392118
2024-01-01 21:52,20.94691731,54.25074762
2024-01-01 21:53,20.95435143,54.26220239
2024-01-01 21:54,20.96180549,54.27357591
2024-01-01 21:55,20.96927935,54.28486795
2024-01-01 21:56,20.97677285,54.2960783
2024-01-01 21:57,20.98428586,54.30720675
2024-01-01 21:58,20.99181824,54.31825307
2024-01-01 21:59,20.99936984,54.32921707
2024-01-01 22:00,21.00694051,54.34009854
2024-01-01 22:01,21.01453012,54.35089726
2024-01-01 22:02,21.02213851,54.36161303
2024-01-01 22:03,21.02976555,54.37224564
2024-01-01 22:04,21.03741109,54.3827949
2024-01-01 22:05,21.04507498,54.3932606
2024-01-01 22:06,21.05275707,54.40364255
2024-01-01 22:07,21.06045722,54.41394053
2024-01-01 22:08,21.06817529,54.42415437
2024-01-01 22:09,21.07591112,54.43428386
2024-01-01 22:10,21.08366456,54.44432881
2024-01-01 22:11,21.09143548,54.45428903
2024-01-01 22:12,21.09922372,54.46416432
2024-01-01 22:13,21.10702913,54.47395451
2024-01-01 22:14,21.11485157,54.4836594
2024-01-01 22:15,21.12269088,54.49327881
2024-01-01 22:16,21.13054692,54.50281256
2024-01-01 22:17,21.13841954,54.51226046
2024-01-01 22:18,21.14630858,54.52162233
2024-01-01 22:19,21.1542139,54.530898
2024-01-01 22:20,21.16213534,54.54008728
2024-01-01 22:21,21.17007275,54.54919001
2024-01-01 22:22,21.17802599,54.55820601
2024-01-01 22:23,21.1859949,54.56713511
2024-01-01 22:24,21.19397933,54.57597713
2024-01-01 22:25,21.20197912,54.58473192
2024-01-01 22:26,21.20999413,54.59339929
2024-01-01 22:27,21.2180242,54.60197909
2024-01-01 22:28,21.22606918,54.61047116
2024-01-01 22:29,21.23412892,54.61887532
2024-01-01 22:30,21.24220325,54.62719143
2024-01-01 22:31,21.25029203,54.63541932
2024-01-01 22:32,21.25839511,54.64355884
2024-01-01 22:33,21.26651232,54.65160982
2024-01-01 22:34,21.27464352,54.65957212
2024-01-01 22:35,21.28278855,54.66744559
2024-01-01 22:36,21.29094725,54.67523007
2024-01-01 22:37,21.29911947,54.68292542
2024-01-01 22:38,21.30730505,54.69053149
2024-01-01 22:39,21.31550384,54.69804814
2024-01-01 22:40,21.32371568,54.70547521
2024-01-01 22:41,21.33194041,54.71281258
2024-01-01 22:42,21.34017788,54.72006009
2024-01-01 22:43,21.34842793,54.72721762
2024-01-01 22:44,21.3566904,54.73428503
2024-01-01 22:45,21.36496513,54.74126217
2024-01-01 22:46,21.37325197,54.74814892
2024-01-01 22:47,21.38155076,54.75494515
2024-01-01 22:48,21.38986134,54.76165072
2024-01-01 22:49,21.39818356,54.76826552
2024-01-01 22:50,21.40651724,54.7747894
2024-01-01 22:51,21.41486224,54.78122226
2024-01-01 22:52,21.4232184,54.78756396
2024-01-01 22:53,21.43158556,54.79381439
2024-01-01 22:54,21.43996355,54.79997342
2024-01-01 22:55,21.44835221,54.80604094
2024-01-01 22:56,21.4567514,54.81201683
2024-01-01 22:57,21.46516094,54.81790098
2024-01-01 22:58,21.47358068,54.82369328
2024-01-01 22:59,21.48201045,54.82939361
2024-01-01 23:00,21.4904501,54.83500188
2024-01-01 23:01,21.49889947,54.84051796
2024-01-01 23:02,21.50735839,54.84594176
2024-01-01 23:03,21.5158267,54.85127317
2024-01-01 23:04,21.52430424,54.85651209
2024-01-01 23:05,21.53279085,54.86165842
2024-01-01 23:06,21.54128637,54.86671206
2024-01-01 23:07,21.54979063,54.87167292
2024-01-01 23:08,21.55830348,54.8765409
2024-01-01 23:09,21.56682475,54.88131591
2024-01-01 23:10,21.57535427,54.88599785
2024-01-01 23:11,21.58389189,54.89058665
2024-01-01 23:12,21.59243745,54.8950822
2024-01-01 23:13,21.60099077,54.89948444
2024-01-01 23:14,21.60955171,54.90379326
2024-01-01 23:15,21.61812008,54.90800859
2024-01-01 23:16,21.62669574,54.91213035
2024-01-01 23:17,21.63527851,54.91615846
2024-01-01 23:18,21.64386824,54.92009284
2024-01-01 23:19,21.65246476,54.92393342
2024-01-01 23:20,21.6610679,54.92768013
2024-01-01 23:21,21.6696775,54.93133289
2024-01-01 23:22,21.67829341,54.93489163
2024-01-01 23:23,21.68691544,54.93835629
2024-01-01 23:24,21.69554345,54.9417268
2024-01-01 23:25,21.70417726,54.9450031
2024-01-01 23:26,21.7128167,54.94818512
2024-01-01 23:27,21.72146163,54.9512728
2024-01-01 23:28,21.73011186,54.95426609
2024-01-01 23:29,21.73876724,54.95716492
2024-01-01 23:30,21.7474276,54.95996924
2024-01-01 23:31,21.75609278,54.96267901
2024-01-01 23:32,21.7647626,54.96529415
2024-01-01 23:33,21.77343691,54.96781464
2024-01-01 23:34,21.78211554,54.97024041
2024-01-01 23:35,21.79079833,54.97257143
2024-01-01 23:36,21.7994851,54.97480764
2024-01-01 23:37,21.80817569,54.97694901
2024-01-01 23:38,21.81686995,54.9789955
2024-01-01 23:39,21.82556769,54.98094705
2024-01-01 23:40,21.83426876,54.98280365
2024-01-01 23:41,21.84297299,54.98456525
2024-01-01 23:42,21.85168021,54.98623182
2024-01-01 23:43,21.86039026,54.98780332
2024-01-01 23:44,21.86910297,54.98927974
2024-01-01 23:45,21.87781818,54.99066103
2024-01-01 23:46,21.88653571,54.99194718
2024-01-01 23:47,21.89525541,54.99313815
2024-01-01 23:48,21.90397711,54.99423393
2024-01-01 23:49,21.91270064,54.99523449
2024-01-01 23:50,21.92142583,54.99613982
2024-01-01 23:51,21.93015252,54.9969499
2024-01-01 23:52,21.93888054,54.99766471
2024-01-01 23:53,21.94760973,54.99828424
2024-01-01 23:54,21.95633992,54.99880848
2024-01-01 23:55,21.96507093,54.99923742
2024-01-01 23:56,21.97380262,54.99957104
2024-01-01 23:57,21.9825348,54.99980935
2024-01-01 23:58,21.99126732,54.99995234
2024-01-01 23:59,22,55
